Rank	ACNo	CandidateName	PartyAbbreviation	VotesPolled	PercVotesPolled
1	1	VIJAYAKUMAR  K S	ADMK	89332	41.68
2	1	SEKAR C H	DMK	65937	30.76
3	1	SELVARAJ M	PMK	43055	20.09
4	1	GEETHA K	DMDK	6585	3.07
5	1	BHASKARAN M	BJP	2092	0.98
6	1	None of the Above	NOTA	1484	0.69
7	1	MURALI KRISHNA M (A) SAMARAN	BSP	1282	0.6
8	1	SURESHKUMAR S	ntk	1250	0.58
9	1	MURUGAN M	IND	875	0.41
10	1	KANDAVEL  R	YSP	645	0.3
11	1	KARUNAKARAN A	IND	554	0.26
12	1	ARULVEL SELVAN C	IND	550	0.26
13	1	PANDIYAN A	IND	231	0.11
14	1	GANAPATHY R	IND	164	0.08
15	1	SARAVANAN T	IND	163	0.08
16	1	KANTHARAJ V C	GokMK	149	0.07
1	2	BALARAMAN P	ADMK	95979	48.56
2	2	PARIMALAM K DOCTOR	DMK	76643	38.78
3	2	PANDIAN A	PMK	9586	4.85
4	2	SENTHIL KUMAR V	VCK	5566	2.82
5	2	None of the Above	NOTA	2284	1.16
6	2	GANESAN K	BJP	2067	1.05
7	2	VINOTH BABU S	ntk	1620	0.82
8	2	RAJA S	BSP	1152	0.58
9	2	KOTTEESWARAN K	YSP	696	0.35
10	2	RUKUMANGADAN L	IND	640	0.32
11	2	DILLI BABU V	IND	536	0.27
12	2	SUDHAKARAN H	IND	383	0.19
13	2	ELAYARAJA R	IND	213	0.11
14	2	SRINIVASAN E	IND	181	0.09
15	2	SATHISH RAJA M	IND	102	0.05
1	3	NARASIMHAN  P M	ADMK	93045	41.84
2	3	CHIDAMBARAM A G	INC	69904	31.43
3	3	VAITHILINGAM A	PMK	29596	13.31
4	3	KRISHNAMURTHY D	DMDK	15648	7.04
5	3	CHAKRAVARTHY. M	BJP	5525	2.48
6	3	None of the Above	NOTA	2076	0.93
7	3	JAIBASKARAN S	BSP	1445	0.65
8	3	PRABU S	ntk	1077	0.48
9	3	RAJESHKUMAR V	IND	875	0.39
10	3	KRISHNAMOORTHY R	IND	748	0.34
11	3	RAJAGOPAL N	IND	723	0.33
12	3	BABU K	IND	643	0.29
13	3	PRATHEEP M	IND	359	0.16
14	3	VAITHIYALINGAM K	IND	346	0.16
15	3	NARASIMAN P	IND	247	0.11
16	3	THUKKARAM N	IND	152	0.07
1	4	RAAJENDRAN V G	DMK	80473	39.02
2	4	BASKARAN A	ADMK	75335	36.53
3	4	BALAYOGI V	PMK	31935	15.48
4	4	BALASUBRAMANI A	VCK	7006	3.4
5	4	PREM SEKAR M	BSP	2171	1.05
6	4	SRINIVASAN K	BJP	1826	0.89
7	4	SENTHIL KUMAR K	ntk	1451	0.7
8	4	None of the Above	NOTA	1418	0.69
9	4	BASKAR A	IND	796	0.39
10	4	SHANKAR K	VBMP	703	0.34
11	4	BALA KRISHNAN N	IND	572	0.28
12	4	RAJEEV B	IND	418	0.2
13	4	ANANDANAYAGI A	LJP	417	0.2
14	4	MURUGAN S	IND	415	0.2
15	4	SRINIVASAN V	IND	289	0.14
16	4	BASKAR M	IND	202	0.1
17	4	SATHISH B	VTIP	172	0.08
18	4	SIVANANTHAM R	IND	149	0.07
19	4	ANBURAJ P	IND	138	0.07
20	4	RAJENDIRAN D	IND	128	0.06
21	4	PANNEERSELVAM T N	IND	125	0.06
22	4	RADHAKRISHNAN D	IND	105	0.05
1	5	ELUMALAI T A	ADMK	103952	43.32
2	5	PARANTHAMEN I	DMK	92189	38.41
3	5	PARTHASARATHY C	PMK	15827	6.59
4	5	KANDAN D	MDMK	15051	6.27
5	5	AMARNATH A	BJP	3456	1.44
6	5	None of the Above	NOTA	3265	1.36
7	5	PONNARASU A	ntk	2562	1.07
8	5	VIJAYABALAJI V	BSP	2066	0.86
9	5	RAMAMOORTHY M	IND	391	0.16
10	5	PRATHAP R	SHS	351	0.15
11	5	NAGARAJ J	IND	312	0.13
12	5	TAMILSELVAN B	IND	177	0.07
13	5	ANANTH C	IND	151	0.06
14	5	KANDHASAMY B	IND	121	0.05
15	5	SANKARALINGAM J	IND	116	0.05
1	6	PANDIA RAJAN K	ADMK	108064	39.92
2	6	NASAR S M	DMK	106669	39.4
3	6	ANTHRIDOSS R	MDMK	22848	8.44
4	6	ANANDAKRISHNAN N	PMK	12428	4.59
5	6	LOGANATHAN J	BJP	7232	2.67
6	6	None of the Above	NOTA	4994	1.84
7	6	NALLATHAMBI S	ntk	4301	1.59
8	6	CHARLES S	BSP	1477	0.55
9	6	NAZAR S M A	IND	452	0.17
10	6	DINESH KUMAR P	IND	402	0.15
11	6	PANDIARAJAN G	IND	386	0.14
12	6	DHARANI K	IND	193	0.07
13	6	SELVANAYAGAM D	IND	188	0.07
14	6	ANTHARAIYAN	IND	173	0.06
15	6	DURGA PRASAD G	IND	148	0.05
16	6	PONNUSAMY R	VBMP	138	0.05
17	6	KARTHIKEYAN V P	IND	136	0.05
18	6	JANOVA J	IND	115	0.04
19	6	KALIAMMAL RAJENDRAN	IND	110	0.04
20	6	SATHYA D	IND	103	0.04
21	6	RAMACHANDRAN J	IND	89	0.03
22	6	ROWOTH PASARI	SAP	86	0.03
1	7	BENJAMIN P	ADMK	99739	40.12
2	7	RAJESH R	INC	91337	36.74
3	7	BEEMRAO G	CPM	19612	7.89
4	7	SRINIVASAN N V	PMK	17328	6.97
5	7	None of the Above	NOTA	6655	2.68
6	7	VASU M	ntk	6181	2.49
7	7	ANANDAPRIYA R	IJK	4582	1.84
8	7	MOHAMED ABBAS S	BSP	807	0.32
9	7	DHANASEKAR A	YSP	549	0.22
10	7	GANAPATHY SURESH	IND	503	0.2
11	7	RAJESH C	IND	430	0.17
12	7	SRIRANGARAYAN G	KMDK	274	0.11
13	7	SRINIVASAN K V	IND	269	0.11
14	7	RAVI C V	IND	173	0.07
15	7	ARUN KUMAR R	IND	158	0.06
1	8	ALEXANDER  V	ADMK	94375	41.1
2	8	AASSAN MAULAANA	INC	76877	33.48
3	8	SEKAR K N	PMK	16635	7.24
4	8	CONSTANDINE RAVINDRAN J	DMDK	16631	7.24
5	8	DEVARAJAN  C	BJP	9563	4.16
6	8	None of the Above	NOTA	5603	2.44
7	8	ANBUTHENNARASAN  R	ntk	5044	2.2
8	8	SIMRAN KALATI	YSP	553	0.24
9	8	ABUBAKKAR M	NCP	479	0.21
10	8	PRAKASH  C	BSP	456	0.2
11	8	DEVARAJAN G	IND	418	0.18
12	8	PALANIVEL K	CPI(ML)(L)	403	0.18
13	8	CHINNADURAI   M	IND	385	0.17
14	8	SHIVAKUMAR    S	IND	339	0.15
15	8	NARMADHA NANDHAKUMAR	IND	267	0.12
16	8	PRAKASH R	IND	234	0.1
17	8	VISWANATHAN R	IND	166	0.07
18	8	MANOHARAN  D	IND	128	0.06
19	8	BALAJI   G	IND	119	0.05
20	8	GANESAN N	IND	117	0.05
21	8	KANAKARAJ  K	IND	116	0.05
22	8	RAMESH B	IND	115	0.05
23	8	RANGANATHAN  K	VTK	112	0.05
24	8	RAMADASS   A S	IND	109	0.05
25	8	DHANRAJ P	IND	106	0.05
26	8	ARUMUGAM  S	IND	100	0.04
27	8	BALACHANDAR  M	PPIS	99	0.04
28	8	VIJAYAKUMAR G	IND	83	0.04
1	9	SUDHARSANAM S	DMK	122082	45.43
2	9	DHAKSHNAMOORTHY D	ADMK	106829	39.76
3	9	ERAVIRAJ G	PMK	14245	5.3
4	9	KANNAN A S	CPI	9383	3.49
5	9	JANAKIRAMAN R M R	BJP	5161	1.92
6	9	None of the Above	NOTA	4291	1.6
7	9	ELUMALAI R	ntk	3697	1.38
8	9	GIRI C	BSP	829	0.31
9	9	GOPI M	YSP	573	0.21
10	9	JANAKIRAMAN S	CPI(ML)(L)	393	0.15
11	9	NANDAKUMAR P	IND	312	0.12
12	9	VINOTHKUMAR P	FIP	303	0.11
13	9	NAGARAJ S	IND	256	0.1
14	9	RAJASEKARAN M	IND	132	0.05
15	9	SATHEESH S	IND	123	0.05
16	9	SURESHKUMAR S	IND	109	0.04
1	10	SAMY.K.P.P	DMK	82205	43.25
2	10	BALRAJ.B	ADMK	77342	40.69
3	10	ARUMUGAM.A.V	DMDK	13463	7.08
4	10	VASANTHAKUMARI.R	PMK	4025	2.12
5	10	GOKUL.R	ntk	3961	2.08
6	10	SIVAKUMAR.M	BJP	3313	1.74
7	10	None of the Above	NOTA	2917	1.53
8	10	DHANASEKAR.C	IND	511	0.27
9	10	KARNAN.P	SHS	425	0.22
10	10	TAMILSELVAN.S	IND	299	0.16
11	10	NANDHAKUMAR.B	GokMK	252	0.13
12	10	SELVAM.P	IND	196	0.1
13	10	THAMOTHARAN.P	IND	190	0.1
14	10	RAMESH.E	IND	166	0.09
15	10	KARIMULLA.M.G	IND	159	0.08
16	10	MANIKANDAN.K	IND	138	0.07
17	10	ZAKIR HUSSAIN.B	IND	104	0.05
18	10	SUNDAR.D	VTIP	100	0.05
19	10	SANKAR.D	IND	87	0.05
20	10	SENTHIL.K	IND	79	0.04
21	10	ISRATHBEGUM.A.R	IND	65	0.03
22	10	SOWRI RAJAN.M	PPIS	64	0.03
1	11	JAYALALITHAA J	ADMK	97218	55.87
2	11	SHIMLA MUTHUCHOZHAN	DMK	57673	33.14
3	11	VASANTHI DEVI V	VCK	4195	2.41
4	11	AGNES F	PMK	3011	1.73
5	11	RAJA M.N	BJP	2928	1.68
6	11	None of the Above	NOTA	2873	1.65
7	11	DEVI G	ntk	2513	1.44
8	11	EDINBUROUGH J	BSP	327	0.19
9	11	MICHAEL RAJ M.A	IND	230	0.13
10	11	"SELVARANI,"	IND	206	0.12
11	11	MARIMUTHU P	IND	204	0.12
12	11	GOPI M	IND	189	0.11
13	11	ARUNTHATHI RAMACHANDRAN	IND	177	0.1
14	11	VENUGOPAL D	SHS	162	0.09
15	11	SADAIYANDI.E	SUCI	132	0.08
16	11	RAVI PARAYANAR.D	RPI(A)	125	0.07
17	11	BHUVANESWARI P	IND	119	0.07
18	11	KAVERISELVAM M	IND	104	0.06
19	11	NAMBIRAJAN N	IND	100	0.06
20	11	JAYALAKSHMI K	IND	99	0.06
21	11	MANAOHARAN S	IND	98	0.06
22	11	PREMKUMAR P	IND	82	0.05
23	11	ARUNTHATHI VADIVEL MURUGAN	IND	81	0.05
24	11	MEENACHI SUNDARAM V	IND	80	0.05
25	11	YUVARAJ S	IND	73	0.04
26	11	CHANDRASEKAR K	IND	73	0.04
27	11	PONRAJ P	IND	72	0.04
28	11	ABRAHAM RAJAMOHAN.R	PPIS	68	0.04
29	11	GAJENDRAN P	IND	63	0.04
30	11	PRAVINA G	IND	63	0.04
31	11	SWAMY A.K	IND	61	0.04
32	11	DURAIVEL V	IND	57	0.03
33	11	JAGADISHWARAREDDY K	IND	57	0.03
34	11	SUBASH BABU M	AUK	55	0.03
35	11	MURUGAN M.R.	JJ	52	0.03
36	11	BASKARAN N	IND	48	0.03
37	11	PRAKASH S	IND	48	0.03
38	11	SURESHKUMAR S	MKat	42	0.02
39	11	SHANMUGANANDHAM M	VTIP	42	0.02
40	11	SEKAR S	IND	37	0.02
41	11	THANGAVEL V	IND	35	0.02
42	11	RAJU R.S	IND	35	0.02
43	11	BASKAR P	IND	31	0.02
44	11	MEGAVANAN I	IND	29	0.02
45	11	RAJ L	IND	28	0.02
46	11	RAMESH R	IND	20	0.01
1	12	P VETRIVEL	ADMK	79974	42.39
2	12	N R DHANAPALAN	DMK	79455	42.11
3	12	A SOUNDARA RAJAN	CPM	10281	5.45
4	12	PRAKASH R	BJP	4582	2.43
5	12	M.VENKATESH  PERUMAL	PMK	3685	1.95
6	12	S VETRI THAMIZHAN	ntk	3236	1.72
7	12	None of the Above	NOTA	3167	1.68
8	12	S SURESH	YSP	387	0.21
9	12	N RAJ	BSP	363	0.19
10	12	J PRAVEEN KUMAR	IND	319	0.17
11	12	R SARAVANA PERUMAL	IND	304	0.16
12	12	P SARAVANAN	IND	249	0.13
13	12	D SUNDARA RAMAN	IND	248	0.13
14	12	S VENGADESAN	SHS	230	0.12
15	12	L SUSITHRA	IND	215	0.11
16	12	G KOTHANDAN	IND	212	0.11
17	12	R KARTHIKEYAN	IND	163	0.09
18	12	G.R.MOHAMMED YOUSUFF	IND	161	0.09
19	12	S MOHAN	IND	158	0.08
20	12	N VIJI	IND	158	0.08
21	12	A SIVARAJALINGAM	IND	121	0.06
22	12	P RAJA	IND	118	0.06
23	12	A MANIVANNAN	IND	115	0.06
24	12	K. KAMARAJ	IND	100	0.05
25	12	M MAHENDRAN	MKat	100	0.05
26	12	V SUBRAMANI	IND	83	0.04
27	12	S JAYARAJ	IND	80	0.04
28	12	B KUMARAN	IND	75	0.04
29	12	K.MALLIKA	AIWUP	72	0.04
30	12	S PARTHIBAN	IND	64	0.03
31	12	S NARENDRA KUMAR	IND	55	0.03
32	12	K VASANTHA KUMARI	LJP	54	0.03
33	12	R MANIKANDAN	IND	51	0.03
34	12	P NARAYANASAMI	IND	46	0.02
1	13	M.K.STALIN	DMK	91303	54.25
2	13	J.C.D.PRABHAKAR	ADMK	53573	31.83
3	13	P.MATHIVANAN	DMDK	6276	3.73
4	13	K.T.RAGHAVAN	BJP	5289	3.14
5	13	None of the Above	NOTA	3554	2.11
6	13	S.GOPAL	PMK	3022	1.8
7	13	S.XAVIER FELIX	ntk	2827	1.68
8	13	M. SHAJINI	IND	525	0.31
9	13	C.VELAN	BSP	438	0.26
10	13	S.ASHOK KUMAR	VTIP	256	0.15
11	13	R.SIVASHANKAR	IND	202	0.12
12	13	SEETHA MALLAR	IND	201	0.12
13	13	M.PRAKASH	IND	127	0.08
14	13	G. SATHYANARAYANAN	YSP	112	0.07
15	13	A.STALINKUMAR	IND	83	0.05
16	13	V. VIJAYAKUMARI	RPI(A)	65	0.04
17	13	A.ARAVIND	IND	62	0.04
18	13	J.MOHANRAJ	JJ	60	0.04
19	13	M.VASANTHA KUMAR	VBMP	60	0.04
20	13	G.RAGAVANAYAGAM	IND	59	0.04
21	13	S.KARTHICK	IND	51	0.03
22	13	M. P. CHARAVANAN	IND	48	0.03
23	13	M.MURALI VINODH	IND	42	0.02
24	13	A.DEVAKUMARAN	IND	37	0.02
25	13	J.SUBBIAH	IND	36	0.02
1	14	B. RANGANATHAN	DMK	65972	43.96
2	14	M.RAJU	ADMK	56651	37.75
3	14	T.PANDIYAN	DMDK	8234	5.49
4	14	M.JAISHANKAR	BJP	6438	4.29
5	14	V.SUBRAMANIAN	PMK	4193	2.79
6	14	None of the Above	NOTA	3409	2.27
7	14	A.VAGAI VENTHAN	ntk	3002	2
8	14	K.M.SUCHARITHA	YSP	952	0.63
9	14	A.PALANIVEL	BSP	369	0.25
10	14	S.RANJITHKUMAR	IND	244	0.16
11	14	J JAGADESH	VTK	113	0.08
12	14	B.MOHAMED IQBAL BASHA	IND	111	0.07
13	14	G.ASHOK KUMAR	IND	91	0.06
14	14	R.K.RAVICHANDRAN	IND	80	0.05
15	14	M.GUNASEKARAN	IND	71	0.05
16	14	C.PANDIYAN	IND	66	0.04
17	14	S.KANDASAMY	IND	52	0.03
18	14	D.ELAVARASAN	IND	36	0.02
1	15	SIVAKUMAR P @ THAYAGAM KAVI	DMK	61744	45.25
2	15	NEELAKANDAN V	ADMK	58422	42.82
3	15	SUGANTHI	CPM	5702	4.18
4	15	None of the Above	NOTA	2685	1.97
5	15	VANITHAMANI D	PMK	2056	1.51
6	15	GOWRI	ntk	1831	1.34
7	15	PUSHPARAJ	SDPI	925	0.68
8	15	CHANDRASEKAR	IJK	482	0.35
9	15	SATHISH S	BSP	468	0.34
10	15	NEELAKANDAN  G	IND	328	0.24
11	15	KARUNANIDHI K	IND	224	0.16
12	15	YUVARAJ V	SHS	201	0.15
13	15	SHEELA BASKARAN	IND	171	0.13
14	15	NAGESHRAO R	RPI(A)	165	0.12
15	15	PRABHAKARAN K	MKat	157	0.12
16	15	PUVINTHAN S	IND	144	0.11
17	15	SURESH BABU S	IND	135	0.1
18	15	VASANTHAKUMAR M	IND	134	0.1
19	15	VENUGOPAL S	IND	127	0.09
20	15	SULOCHANA S	YSP	110	0.08
21	15	SUNDAR	IND	96	0.07
22	15	KOLANJI	IND	91	0.07
23	15	MOORHI G	IND	52	0.04
1	16	RAVICHANDRAN K.S	DMK	55060	45.64
2	16	PARITHI ELLAMVAZHUTHI E	ADMK	44381	36.79
3	16	VENKATESAN M	BJP	7159	5.93
4	16	PRABHU T	DMDK	6321	5.24
5	16	None of the Above	NOTA	2840	2.35
6	16	RAJENDRAN A	PMK	1814	1.5
7	16	JAYALAKSHMI I	ntk	1450	1.2
8	16	EZHILARASAN I	BSP	255	0.21
9	16	BALASUNDARAM M	IND	255	0.21
10	16	NAGARAJAN M	IND	192	0.16
11	16	VENKATACHALAM V	YSP	179	0.15
12	16	GUNASEKAR N	IND	128	0.11
13	16	ASHOK A	SHS	103	0.09
14	16	MUKUNTHAN J	IND	97	0.08
15	16	SELVAM I	IND	79	0.07
16	16	KUBENDRAN S	MKat	70	0.06
17	16	CHANDRAKALA J	JaSD	54	0.04
18	16	DHATCHAYANI M	IND	52	0.04
19	16	ARUN KUMAR A	IND	39	0.03
20	16	RAJASEKAR S	IND	36	0.03
21	16	PRASATH S	IND	36	0.03
22	16	JAYARAJ S	IND	35	0.03
1	17	JAYAKUMAR D	ADMK	55205	45.21
2	17	MANOHAR R	INC	47174	38.63
3	17	SYED RAFI BASHA H	SDPI	4345	3.56
4	17	JEMELAA M R	BJP	3562	2.92
5	17	BIJU CHACKO	TMC(M)	3191	2.61
6	17	ANANDHA RAJ B	ntk	2387	1.95
7	17	None of the Above	NOTA	2348	1.92
8	17	PERUMAL T S	PMK	2126	1.74
9	17	SELVAN P	IND	378	0.31
10	17	VIJAYAVELMURUGAN T	IND	364	0.3
11	17	RUBALINGAM K	BSP	300	0.25
12	17	PURUSHOTHAMAN P P	IND	282	0.23
13	17	GANESH PRABHU P	IND	138	0.11
14	17	DHANASEKARAN G	IND	88	0.07
15	17	DAVID K	IND	69	0.06
16	17	RAJARAMAN N	IND	57	0.05
17	17	SURESH T	IND	54	0.04
18	17	VANNAI SATHYA @ SATHYANARAYANAN	IND	49	0.04
1	18	SEKAR BABU P K	DMK	42071	40.36
2	18	SREENIVASAN K S	ADMK	37235	35.72
3	18	KRISHNAKUMAR NADHANI	BJP	13357	12.81
4	18	AMEER HAMSA S	SDPI	4161	3.99
5	18	None of the Above	NOTA	2101	2.02
6	18	MURAD BUHARI B	MDMK	1970	1.89
7	18	SURESHKUMAR R	PMK	1011	0.97
8	18	ANWAR BAIG	ntk	902	0.87
9	18	SIVACHANDRAN P	IND	227	0.22
10	18	NAZEER HUSSAIN S	BSP	182	0.17
11	18	NATHIYA R	IND	145	0.14
12	18	SRINIVASAN R	IND	120	0.12
13	18	ABESAR	YSP	120	0.12
14	18	SRINIVASAN P	IND	81	0.08
15	18	VENKATESAN P	IND	74	0.07
16	18	SAGAYAM G	GMI	71	0.07
17	18	JAYARAJ K	PPIS	58	0.06
18	18	NANDAKUMAR D	IND	56	0.05
19	18	RAVI M L	DMSK	49	0.05
20	18	KRISHNAKUMAR G	IND	48	0.05
21	18	CHANDRA BOMMU K	IND	45	0.04
22	18	NAZIM	IND	35	0.03
23	18	MAHENDRA KUMAR J	IND	32	0.03
24	18	UVAKUMAR P N	IND	31	0.03
25	18	RAMESH D	IND	29	0.03
26	18	MAGESHKUMAR D	IND	27	0.03
1	19	J.ANBAZHAGAN	DMK	67982	47.32
2	19	A.NOORJAHAN	ADMK	53818	37.46
3	19	APN.THAMARAI GAJENDRAN	BJP	6281	4.37
4	19	V.ABDULLA SAIT	DMDK	5507	3.83
5	19	None of the Above	NOTA	3494	2.43
6	19	A.V.A.KASSALI	PMK	2511	1.75
7	19	P.SIVAKUMAR	ntk	1810	1.26
8	19	K.MAHENDIRAN	IND	372	0.26
9	19	C.RAGHU	BSP	336	0.23
10	19	PREMKUMAR	IND	228	0.16
11	19	J.JAYAPRAKASH	YSP	223	0.16
12	19	S.VIVEKANANDA	IND	174	0.12
13	19	D.SELVARAJ	IND	158	0.11
14	19	ABBU MOOSA KHADERI	IND	130	0.09
15	19	T.K.SYED SUBAIR	IND	126	0.09
16	19	ABID BAKSHQH HUSSAIN	RPI(A)	119	0.08
17	19	J.ELUMALAI	SHS	111	0.08
18	19	M.JAFFER SHATHIK	EDP	82	0.06
19	19	S.ANBALAGAN	IND	77	0.05
20	19	K.SRINIVASAN	IND	68	0.05
21	19	C.MANIKANDAN	IND	58	0.04
1	20	SELVAM KU. KA	DMK	61726	43.35
2	20	VALARMATHI B	ADMK	52897	37.15
3	20	SHIVALINGAM M	BJP	8516	5.98
4	20	AMBIGAPATHY C	MDMK	7805	5.48
5	20	RANGAN V	PMK	3968	2.79
6	20	None of the Above	NOTA	3633	2.55
7	20	MURUGESAN	ntk	2075	1.46
8	20	ELANGO M	YSP	506	0.36
9	20	JAFFER SADIK J	IND	184	0.13
10	20	DHANANJAYAN T S	IND	174	0.12
11	20	MOGAN KUMAR S P	IND	143	0.1
12	20	MURUGAN S	IND	141	0.1
13	20	SELVAM R	IND	121	0.08
14	20	ARUNTHATHI RAMACHANDRAN	IND	93	0.07
15	20	SELVAM P	IND	68	0.05
16	20	MANIKANDAN A	IND	61	0.04
17	20	KUMAR K	IND	56	0.04
18	20	RAMESH A	IND	50	0.04
19	20	SANTHAKUMAR K	IND	40	0.03
20	20	SELVAM T	IND	39	0.03
21	20	IYYANAR C	IND	38	0.03
22	20	GOKULAKRISHNAN E	IND	35	0.02
23	20	KARTHIK D	IND	34	0.02
1	21	MOHAN M.K.	DMK	72207	41.74
2	21	GOKULAINDIRA S	ADMK	70520	40.77
3	21	SURESH K	BJP	8820	5.1
4	21	MALLIKA DAYALAN	MDMK	6491	3.75
5	21	AKHILESH A M	PMK	5619	3.25
6	21	None of the Above	NOTA	4048	2.34
7	21	AMUTHA N	ntk	2966	1.71
8	21	KUMARAN P	YSP	483	0.28
9	21	SARAVANARAJA P	VTK	370	0.21
10	21	BABU D	IND	295	0.17
11	21	BALAJI S	IND	252	0.15
12	21	TIMOTHY MOSES	CDF	173	0.1
13	21	MUTHUSAMY M	IND	126	0.07
14	21	SARAVANAN R	IND	96	0.06
15	21	VARKEES THARUMA RAJ G	TSC	88	0.05
16	21	THIRUNAVUKKARASU V	MKat	85	0.05
17	21	SIVASANKARAN R	IND	80	0.05
18	21	YOGESWARAN D	IND	77	0.04
19	21	KANNAN S	IND	54	0.03
20	21	SOFILET	LJP	48	0.03
21	21	RAVI KUMAR S	IND	45	0.03
22	21	BHUVANESWARAN M	IND	38	0.02
1	22	V.N.VIRUGAI RAVI	ADMK	65979	38.51
2	22	K THANASEKARAN	DMK	63646	37.15
3	22	TAMILIASI SOUNDRARAJAN.DR	BJP	19167	11.19
4	22	B.PARTHASARATHY	DMDK	9730	5.68
5	22	C.H. JAYARAO	PMK	3945	2.3
6	22	None of the Above	NOTA	3897	2.27
7	22	T.S.RAJENDRAN	ntk	2926	1.71
8	22	A.SEENEVASAN	KMDK	296	0.17
9	22	DILIP MATHEW JOHN	YSP	283	0.17
10	22	B.SENTHIL KUMAR	IND	265	0.15
11	22	N.RAVI	IND	218	0.13
12	22	B.JAYABAL	IND	176	0.1
13	22	N.NANDHA GOPAL	IND	155	0.09
14	22	D.DHANASEKAR	IND	126	0.07
15	22	S.R.DINESH KUMAR	IND	111	0.06
16	22	S.SELVANATHAN	IND	102	0.06
17	22	K.RAVI	IND	91	0.05
18	22	M.S.S.SUDHIR THEJA	IND	87	0.05
19	22	P. ESSAKIMUTHU	IND	58	0.03
20	22	G.RAJENDRAN	IND	55	0.03
21	22	S.KUMAR	IND	26	0.02
1	23	SUBRAMANIAN.MA	DMK	79279	47.18
2	23	PONNAYAN.C	ADMK	63024	37.51
3	23	KALIDASS.V	BJP	6000	3.57
4	23	SAHADEVAN.T.R.	PMK	5913	3.52
5	23	ELUMALAI.S	CPI	5221	3.11
6	23	None of the Above	NOTA	3541	2.11
7	23	MANOHARAN.M	ntk	2725	1.62
8	23	MURUGESAN.S	BSP	330	0.2
9	23	GOKULARAJAN.C	IND	251	0.15
10	23	SUBRAMANI.M	IND	225	0.13
11	23	VISHNURAM.M	YSP	207	0.12
12	23	MOHANA.N	IND	191	0.11
13	23	MEENA.P	IND	164	0.1
14	23	CHINNADURAI.V	IND	152	0.09
15	23	ANAND.V	IND	140	0.08
16	23	VISHNURAM.S	IND	123	0.07
17	23	THOMAS.C	LJP	95	0.06
18	23	SOUNDARJAN.C	IND	94	0.06
19	23	PARTHIBAN.S	IND	87	0.05
20	23	SHANKAR.E	IND	85	0.05
21	23	SUBARAMANI.K	IND	68	0.04
22	23	KANDASAMY.R	IND	52	0.03
23	23	RAJASEKAR.T	IND	51	0.03
1	24	SATHYANARAYANAN.B	ADMK	53207	37.47
2	24	DR.N.S.KANIMOZHI	DMK	50052	35.25
3	24	RAJA.H	BJP	19888	14.01
4	24	KUMAR.V	DMDK	6210	4.37
5	24	VINOTH.V	PMK	5071	3.57
6	24	None of the Above	NOTA	3570	2.51
7	24	PADMANAPAN	ntk	2072	1.46
8	24	NAGADASS.K	BSP	380	0.27
9	24	MAHESH.K	YSP	323	0.23
10	24	E. DINAKARAN	IND	230	0.16
11	24	AUGUSTIN.R.J	GMI	197	0.14
12	24	T. PANDIARAJAN	IND	193	0.14
13	24	HARIRAJAN.M	IND	113	0.08
14	24	N.REEGAN	IND	111	0.08
15	24	P. TAMILMANI	IND	88	0.06
16	24	RAMANAN.A	SHS	79	0.06
17	24	KARTHIK.M	IND	55	0.04
18	24	H.DHANASEKAR	IND	50	0.04
19	24	M. SRINIVASAN	IND	49	0.03
20	24	KUMAR SRISRI.B	IND	44	0.03
1	25	NATARAJ R	ADMK	68176	43.67
2	25	KARATE R.THIAGARAJAN	INC	53448	34.23
3	25	NAGARAJAN K	BJP	11720	7.51
4	25	SURESH KUMAR N	PMK	5806	3.72
5	25	MUNAVAR BASHA A.S	TMC(M)	4753	3.04
6	25	None of the Above	NOTA	3788	2.43
7	25	SUDHAKAR.S.	ntk	2356	1.51
8	25	SATHYAA DURRAIRAJH	IND	1764	1.13
9	25	K.R.RAMASWAMY @TRAFFIC RAMASWAMY	IND	1229	0.79
10	25	SATHYANARAYANAN .S. @MYLAI S.SHATHYA	IND	1017	0.65
11	25	SIVAKUMAR R	IND	418	0.27
12	25	BALAJI V	BSP	329	0.21
13	25	ANAND N	IND	197	0.13
14	25	DHANANJAYAN T.S	IND	180	0.12
15	25	SHEELA S	IND	171	0.11
16	25	GOVINDARAJULU.M.	YSP	127	0.08
17	25	V.VIJAYAKRISHNA	SHS	105	0.07
18	25	KUPPAL G.DEVADOSS	IND	86	0.06
19	25	LOGANATHAN	IND	79	0.05
20	25	MOHANRAJ J	JJ	77	0.05
21	25	JEBAMANI E	PPIS	67	0.04
22	25	ARUNRAJ BALAN	IND	58	0.04
23	25	JOSHUA GERARD	IND	58	0.04
24	25	RAMADOSS. P.	IND	51	0.03
25	25	SHANMUGA RAJAN	IND	45	0.03
26	25	BALAKRISHNAN	IND	27	0.02
1	26	VAGAI CHANDERASEKAR	DMK	70139	39.96
2	26	C MUNUSAMY	ADMK	61267	34.91
3	26	P SRITHARAN	BJP	14472	8.25
4	26	V N RAJAN	DMDK	9654	5.5
5	26	VINOBA BHOOPATHY	PMK	6809	3.88
6	26	None of the Above	NOTA	4225	2.41
7	26	N CHANDRASEKARAN	ntk	4011	2.29
8	26	RAJA KRISHNAMOORTHY @ KITTY	IND	2477	1.41
9	26	SUDARSAN RAJAN	IND	507	0.29
10	26	S SUNDARAJAN	IND	274	0.16
11	26	SELVAKUMAR	GAPP	235	0.13
12	26	P RAVIKUMAR	IND	225	0.13
13	26	C SUNDARAM	IND	217	0.12
14	26	R UMASHANKAR	IND	161	0.09
15	26	R JEYASEELAN	IND	147	0.08
16	26	A CHANDERAN	MMKA	94	0.05
17	26	S JEYARAJ	IND	90	0.05
18	26	K ESWARAN	IND	84	0.05
19	26	R SAMINATHAN	IND	83	0.05
20	26	PONNUDURAI ATDITHAN	IND	67	0.04
21	26	B PIRABU	IND	57	0.03
22	26	M SURESH KUMAR	IND	53	0.03
23	26	P ELUMALAI	IND	48	0.03
24	26	M SHANTHA KUMAR	IND	47	0.03
25	26	R GUNASEKERAN	IND	44	0.03
26	26	R KUMAR	IND	35	0.02
1	27	ARAVIND RAMESH S	DMK	147014	42.53
2	27	SUNDARAM N	ADMK	132101	38.21
3	27	RAMKUMAR.K	PMK	15595	4.51
4	27	PANEER DOSS R	VCK	15129	4.38
5	27	UJAGAR SINGH	BJP	14915	4.31
6	27	RAJAN.S	ntk	10842	3.14
7	27	None of the Above	NOTA	7332	2.12
8	27	ARUN KUMAR S	FIP	803	0.23
9	27	PERAMAIYAN.G	BSP	645	0.19
10	27	SUNDARAM M	IND	247	0.07
11	27	SANKAR.J	IND	226	0.07
12	27	RAMESH.J	IND	206	0.06
13	27	MANIDASAN.S	VTK	178	0.05
14	27	KALANITHI.D	IND	166	0.05
15	27	KUMAR PONUSAMY.M	IND	154	0.04
27	27	SRINIVASAN.G	IND	144	0.04
1	28	"ANBARASAN, T.M."	DMK	96877	44.64
2	28	"RAMACHANDRAN, S."	ADMK	77708	35.81
3	28	"DR. SATHYANARAYANAN, S."	BJP	12806	5.9
4	28	"CHANDRAN, U."	DMDK	12291	5.66
5	28	"SRINIVASAN, R."	PMK	7194	3.32
6	28	None of the Above	NOTA	4727	2.18
7	28	"DHANACHEZHIAN, R."	ntk	3927	1.81
8	28	"VINOTH KUMAR, R."	IND	506	0.23
9	28	"LOGANATHAN VEMBU, V"	IND	347	0.16
10	28	BALASUBRAMANIAN V.R.	KMDK	159	0.07
11	28	"SERMA SELVARAJ, R."	DMSK	150	0.07
12	28	"RAMACHANDRAN, M."	IND	127	0.06
13	28	"RAMACHANDRAN, V."	IND	109	0.05
14	28	"RAMACHANDRAN, S."	IND	69	0.03
1	29	PALANI.K	ADMK	101001	42.77
2	29	SELVAPERUNTHAGAI.K	INC	90285	38.23
3	29	MUTHURAMAN.C	PMK	18185	7.7
4	29	VEERAKUMAR.M	VCK	13679	5.79
5	29	MANOHARAN.M	BJP	3939	1.67
6	29	SIVARANJINI.B	ntk	3441	1.46
7	29	None of the Above	NOTA	2956	1.25
8	29	CHANDRAN.N	BSP	862	0.37
9	29	PRAKASH.R	IND	388	0.16
10	29	PALANI.M	IND	381	0.16
11	29	RAJESH.V	CPI(ML)(L)	344	0.15
12	29	PALANI.C	IND	183	0.08
13	29	RAVI.M	LJP	138	0.06
14	29	NIRMAL.E	IND	124	0.05
15	29	DILLI.A	IND	121	0.05
16	29	SELVAM.S	IND	115	0.05
1	30	KARUNANITHI.I	DMK	112891	44.94
2	30	SARASWATHI C.R	ADMK	90726	36.12
3	30	VEERALAKSHMI C	MDMK	14083	5.61
4	30	DR.GOPI AYYASWAMY	BJP	11781	4.69
5	30	VENKATESAN R	PMK	9339	3.72
6	30	None of the Above	NOTA	5823	2.32
7	30	SRINIVASA KUMAR P	ntk	4488	1.79
8	30	JOHN RAJARATHANAM	BSP	592	0.24
9	30	MAHARAJAN G	IND	290	0.12
10	30	KAVIGNAN PYTHIUM	IND	282	0.11
11	30	CHITTIBABU	ThP	234	0.09
12	30	BACKIYARAJ.M	SHS	194	0.08
13	30	RUKMANGATHAN R	IND	141	0.06
14	30	KARUPPUSAMY P	KMDK	138	0.05
15	30	AYODHI.L.DR	IND	109	0.04
16	30	ANATHARAMAN.R.K	IND	93	0.04
1	31	S R RAJA	DMK	101835	43.27
2	31	RAJENDRAN C	ADMK	87390	37.13
3	31	M CHEZHIYAN	DMDK	14559	6.19
4	31	VEDASUBRAMANIAM A	BJP	10327	4.39
5	31	R SURESH	PMK	7631	3.24
6	31	NAGANATHAN B	ntk	5237	2.23
7	31	None of the Above	NOTA	5007	2.13
8	31	S MOHAMAD BILAL	SDPI	1135	0.48
9	31	X TAMIL SELVAN	IND	434	0.18
10	31	K DHANANCHEZHIYAN	IND	301	0.13
11	31	A RAJA	IND	280	0.12
12	31	ARUL SANTHA MICHEL	IND	267	0.11
13	31	P ARUMUGAM	KMDK	240	0.1
14	31	T THANGAVEL	IND	146	0.06
15	31	S ILANCHEZHIAN	IND	117	0.05
16	31	S RAJENDRAN	IND	93	0.04
17	31	K GOPINATH	IND	81	0.03
18	31	R SURESH	IND	78	0.03
19	31	P RAJA	IND	74	0.03
20	31	G SARANGABANI	IND	65	0.03
21	31	S SIVARAMAN	IND	58	0.02
1	32	VARALAKSHMI.M	DMK	112675	45.11
2	32	KAMALAKKANNAN.R	ADMK	86383	34.58
3	32	ARUMUGAM.K	PMK	20899	8.37
4	32	MURUGESAN.D	DMDK	17438	6.98
5	32	SANJEEVINATHAN.K	ntk	4035	1.62
6	32	None of the Above	NOTA	3584	1.43
7	32	MUTHAMILSELVAN.S	IJK	1517	0.61
8	32	AJAY.S	BSP	577	0.23
9	32	VENKATESAN.E	IND	467	0.19
10	32	DURAIRAJ.L	IND	439	0.18
11	32	VARALAKSHMI.K	IND	406	0.16
12	32	VENKATESAN.R	IND	264	0.11
13	32	SATHISH KUMAR.G	SHS	235	0.09
14	32	RAFI.M	IND	228	0.09
15	32	JOTHI.G	IND	204	0.08
16	32	VEERAMANI.P	IND	192	0.08
17	32	SELVARAJ.T	AIJMK	119	0.05
18	32	KUMARAN.S	IND	112	0.04
1	33	KOTHANDAPANI. M	ADMK	70215	34.91
2	33	VISWANATHAN. V	DMK	69265	34.44
3	33	VASU. K	PMK	28125	13.98
4	33	SATHYA. C.E	MDMK	25539	12.7
5	33	RANGASWAMY.V.G	BJP	2605	1.3
6	33	None of the Above	NOTA	2116	1.05
7	33	ELLALAN YUSUF.I	ntk	1836	0.91
8	33	KUMAR.V	SHS	363	0.18
9	33	VICTOR JOHN. J	BSP	295	0.15
10	33	PARVENTHAN.N	IND	224	0.11
11	33	SEKAR. M	IND	219	0.11
12	33	SURESH. N	IND	181	0.09
13	33	PAKKIRIAMBEDKAR. K.V	IND	158	0.08
1	34	ARASU R T	DMK	63446	37.51
2	34	MUNUSAMY	ADMK	63142	37.33
3	34	EZHIL CAROLINE	VCK	17927	10.6
4	34	SADAIYAPPAN	PMK	17892	10.58
5	34	None of the Above	NOTA	1827	1.08
6	34	SAMPATH P	BJP	1559	0.92
7	34	DHASARATHAN	ntk	919	0.54
8	34	MUNUSAMY	IND	803	0.47
9	34	RAMESH	BSP	722	0.43
10	34	RAMACHANDRAN	IND	286	0.17
11	34	DINAKARAN	IND	206	0.12
12	34	SENTHILKUMAR	IND	159	0.09
13	34	KANNAN	PPIS	151	0.09
14	34	KRISHNARAJ	IND	95	0.06
1	35	S.PUGAZHENTHI	DMK	73693	41.43
2	35	C.K.THAMIZHARASAN	ADMK	70736	39.77
3	35	A.ADHIKESAVAN	PMK	16215	9.12
4	35	M.THENNARASU	DMDK	11773	6.62
5	35	None of the Above	NOTA	1525	0.86
6	35	B.VETRISELVAM	ntk	813	0.46
7	35	V.SATHYANARAYANAN	BSP	767	0.43
8	35	M.VINAYAGAMURTHY	IJK	652	0.37
9	35	C.ANANDAN	AIPMK	605	0.34
10	35	S.JAYANTHI	IND	470	0.26
11	35	A.M.MANIBHARATHI	IND	318	0.18
12	35	M.HARIKRISHNAN	IND	312	0.18
1	36	SUNDAR.K	DMK	85513	43.02
2	36	GANESAN.P	ADMK	73357	36.9
3	36	GANGADHARAN.PON	PMK	24221	12.19
4	36	RAJENDRAN.M	DMDK	9184	4.62
5	36	None of the Above	NOTA	1647	0.83
6	36	SUSAIRAJ.R	ntk	928	0.47
7	36	PURUSHOTHAMAN.V	BJP	786	0.4
8	36	JAYARAMAN.S	IND	768	0.39
9	36	JAYAPRAKASH.C	IND	762	0.38
10	36	SURESH.D	BSP	636	0.32
11	36	VANASUNDARI.M	IND	236	0.12
12	36	MADHAVARAJ.K.V	IND	195	0.1
13	36	PRAKASH.K	LJP	168	0.08
14	36	DEVARASAN.C	IND	156	0.08
15	36	AMUTHA.N	SP	125	0.06
16	36	MUTHUKUMAR.R	IND	91	0.05
1	37	C.V.M.P. EZHILARASAN	DMK	90533	40.4
2	37	T.MYTHILI	ADMK	82985	37.03
3	37	P. MAGESH KUMAR	PMK	30102	13.43
4	37	S.EAGAMBARAM	DMDK	8986	4.01
5	37	T.VASAN	BJP	3646	1.63
6	37	None of the Above	NOTA	3645	1.63
7	37	M.USHA	ntk	1758	0.78
8	37	C.KANNIAPPAN	BSP	653	0.29
9	37	DHENAGARAN @ DHARMA DHENAGARAN	GMI	509	0.23
10	37	C.RAMESH	IND	407	0.18
11	37	E.MUNUSAMY	IND	253	0.11
12	37	M.EKAMBARAM	IND	177	0.08
13	37	P.MOHANASUNDARAM	IND	150	0.07
14	37	S.TAMILSELVAN	IND	124	0.06
15	37	D.GNANAMURTHI	IND	94	0.04
16	37	L.KARUNAKARAN	IND	90	0.04
1	38	RAVI S	ADMK	68176	41.21
2	38	RAJKUMAR  N	DMK	64015	38.69
3	38	ARPUDHAM	PMK	20130	12.17
4	38	GOPINATH G	VCK	5213	3.15
5	38	None of the Above	NOTA	2049	1.24
6	38	C.VIJAYAN	BJP	2021	1.22
7	38	SUDHAKAR P	BSP	1641	0.99
8	38	SARAVANAN  M	ntk	1038	0.63
9	38	RAJKUMAR B	IND	373	0.23
10	38	RAVI V	IND	278	0.17
11	38	THANGAVELU P	IND	146	0.09
12	38	PANJU. UDAYAKUMAR	IND	137	0.08
13	38	ELAYAPRABU K	PPIS	129	0.08
14	38	MARAN P	LJP	95	0.06
1	39	PARTHIBAN.N.G	ADMK	77651	36.79
2	39	MUNIRATHINAM.A.M	INC	67919	32.18
3	39	K.SARAVANAN	PMK	50827	24.08
4	39	MANOGAR.P.R	DMDK	6167	2.92
5	39	None of the Above	NOTA	1691	0.8
6	39	KUMAR.M	BJP	1468	0.7
7	39	NARESH.J.K	IND	881	0.42
8	39	SENTHIL KUMAR.P	ntk	826	0.39
9	39	GIRIDHARAN.M	BSP	738	0.35
10	39	ISAAC AIYYA.V.S	AIJMK	675	0.32
11	39	MUNIRATHINAM.C	IND	526	0.25
12	39	BHARATHI.A.N	IND	351	0.17
13	39	GAJENDIRAN.V	IND	259	0.12
14	39	MANOGARAN.N	IND	222	0.11
15	39	JAYAGOVINDAN.S	IND	195	0.09
16	39	OMKUMAR.A	IND	189	0.09
17	39	PRAKASAM.S	PPIS	177	0.08
18	39	VENKATESAN.P	IND	168	0.08
19	39	KANNIAPPAN.M	IND	134	0.06
1	40	DURAIMURUGAN	DMK	90534	50.9
2	40	APPU S.R.K	ADMK	66588	37.44
3	40	SHANMUGAM N T	PMK	12728	7.16
4	40	None of the Above	NOTA	2492	1.4
5	40	SIVANANDAM T.V	TMC(M)	2163	1.22
6	40	PUVIARASAN L.	ntk	1135	0.64
7	40	SANKAR GANESH K	PPIS	598	0.34
8	40	MANJULA V	IND	439	0.25
9	40	SATHISHKUMAR L	IND	382	0.21
10	40	MURUGAN N	IJK	368	0.21
11	40	PALANI R	IND	106	0.06
12	40	SUBRAMANI K	IND	88	0.05
13	40	SARAVANAN M	IND	74	0.04
14	40	SHANMUGAM K L	SP	74	0.04
15	40	GANAPATHY S	IND	57	0.03
16	40	KANNAN K S	IND	44	0.02
1	41	GANDHI.R	DMK	81724	42.85
2	41	ELUMALAI. C	ADMK	73828	38.71
3	41	MURALI. M. K	PMK	23850	12.5
4	41	NITHIYANANDHAM. S	DMDK	5906	3.1
5	41	None of the Above	NOTA	2121	1.11
6	41	NAGARAJ. V	BJP	1342	0.7
7	41	NAVASKHAN. A	ntk	800	0.42
8	41	VELU. D	IND	313	0.16
9	41	YUVARAJ. A	BSP	283	0.15
10	41	GANDHI. R	IND	214	0.11
11	41	MANAVALAN YADEV. K	LJP	135	0.07
12	41	THANGAVELU. R	IND	88	0.05
13	41	SUBRAMANI. V	IND	77	0.04
14	41	SAKTHIVELNATHAN. K	IND	61	0.03
1	42	ESWARAPPAN J L	DMK	84182	41.39
2	42	RAMADOSS.K.V	ADMK	73091	35.94
3	42	G.KARIKALAN	PMK	35043	17.23
4	42	UDHAYAKUMAR P N	MDMK	5387	2.65
5	42	ARULRAMAN.D	BJP	2648	1.3
6	42	None of the Above	NOTA	2004	0.99
7	42	MURUGANANTHAM.K	IND	406	0.2
8	42	SAKUNTHALA.A	IND	359	0.18
9	42	MUNUSWAMY.C	LJP	272	0.13
1	43	KARTHIKEYAN	DMK	88264	51.53
2	43	HARUN RASHEED	ADMK	62054	36.23
3	43	ELANGOVAN.S	BJP	5212	3.04
4	43	LAKSHMI NARAYANAN	PMK	5185	3.03
5	43	ABDUR RAHMAN.R	VCK	2590	1.51
6	43	None of the Above	NOTA	2400	1.4
7	43	MANIGANDAN.A	ntk	1639	0.96
8	43	SHAIK MEERAN	SDPI	1100	0.64
9	43	USHA NANDINI.M	IND	455	0.27
10	43	SAMUEL JASON	PPIS	387	0.23
11	43	BALADANDAYUDAM.G	IND	339	0.2
12	43	MOOSHA.B	IND	272	0.16
13	43	SYED RISWAN	IND	231	0.13
14	43	BALAKRISHNAN V	VBMP	200	0.12
15	43	SYED NIZAMUDDIN ASLAM	IND	176	0.1
16	43	SELVI.V	IND	150	0.09
17	43	SARAVANAN.L	IND	144	0.08
18	43	VENKATESAN	IND	108	0.06
19	43	GNANAPRAGASAM.S	BPF	106	0.06
20	43	RAMESH.K	SP	82	0.05
21	43	VEDHAMUTHU	IND	67	0.04
22	43	PANNEER SELVAM	IND	65	0.04
23	43	JAKER HUSSAIN	IND	53	0.03
1	44	NANDAKUMAR A P	DMK	77058	666.42
2	44	KALAIARASU M	ADMK	68290	590.59
3	44	ELAVAZAGAN K L	PMK	24711	213.71
4	44	PALANI P S	TMC(M)	2633	22.77
5	44	VIJAYAKUMAR K	BJP	1750	15.13
6	44	None of the Above	NOTA	1237	10.7
7	44	SIVARAJ K	ntk	723	6.25
8	44	KARUNANITHI E	BSP	679	5.87
9	44	CHANDIRASEKAR D	IND	661	5.72
10	44	SAMPATH G	IND	616	5.33
11	44	UDHAYAKUMAR N	IND	524	4.53
12	44	VENKADESAN P	UMK	393	3.4
13	44	ELAVARASAN A	IND	353	3.05
14	44	NANDAKUMAR T	IND	312	2.7
15	44	KALAIYARASAN P	IND	246	2.13
16	44	PUSHPARAJ R	PPIS	202	1.75
17	44	SRINIVASAN R	NMK	197	1.7
18	44	SUDHAKAR M	VBMP	191	1.65
19	44	KATHAVARAYAN M	GPI	152	1.31
20	44	NANDAKUMAR M	IND	146	1.26
21	44	MAHALAKSHMI A	IND	128	1.11
22	44	NANTHAKUMAR V	IND	122	1.06
23	44	BALARAMAN M	IND	104	0.9
24	44	GOVINDAMMAL A	RSPS	102	0.88
25	44	SIVAKUMAR T	SP	92	0.8
1	45	LOGANATHAN.G	ADMK	75612	45.76
2	45	AMALU V	DMK	65866	39.86
3	45	KUSALAKUMARI.C	PMK	13046	7.9
4	45	DEVIYAMMAL M	DMDK	4170	2.52
5	45	VIMALA R	BJP	2210	1.34
6	45	None of the Above	NOTA	1990	1.2
7	45	ARCHANA.N	ntk	788	0.48
8	45	MOHAN.K	BSP	457	0.28
9	45	RAJA J	IND	283	0.17
10	45	ANNAMAL S	IND	238	0.14
11	45	SELVA KUMAR.A	LJP	229	0.14
12	45	SIVALINGAM K	AlPP	169	0.1
13	45	MAYILEESWARAN S	IND	168	0.1
1	46	JAYANTHI PADMANABHAN .C	ADMK	94689	48.56
2	46	"RAJAMARTHANDAN, K."	DMK	83219	42.68
3	46	DEEPA .B	PMK	7505	3.85
4	46	LINGAMUTHU .K	CPI	3140	1.61
5	46	None of the Above	NOTA	2241	1.15
6	46	GANESAN .T	IJK	891	0.46
7	46	"RAJKUMAR, S."	ntk	876	0.45
8	46	SHANMUGAM .M	BSP	529	0.27
9	46	"JAYARAMAN, SENUR. PON."	IND	441	0.23
10	46	RAJAMANICKAM .C	IND	414	0.21
11	46	VINOTH .M	IND	292	0.15
12	46	RAMAMURTHI .A	IND	193	0.1
13	46	VADIVELAN .P	VBMP	186	0.1
14	46	THANGARAJ .G	AlPP	153	0.08
15	46	BALASINGAM .S	IND	115	0.06
16	46	"SARAVANAN, S"	PPIS	104	0.05
1	47	NILOFER	ADMK	69588	40.31
2	47	SYED FAROOQ	IUML	55062	31.89
3	47	GNANASEKARAN.C	TMC(M)	21090	12.22
4	47	VAKEEL AHMED . T. S	AIMIM	10117	5.86
5	47	KIRUBAKARAN.R.	PMK	9283	5.38
6	47	G.VENKATESAN	BJP	1935	1.12
7	47	None of the Above	NOTA	1774	1.03
8	47	MOHAMMED ISMAIL	WPOI	1104	0.64
9	47	J. WAZEER AHMED	BSP	848	0.49
10	47	KALILLUR RAHMAN	ntk	623	0.36
11	47	K.CHAKKARAVARTHI	SP	401	0.23
12	47	GNANASEKAR.G	IND	274	0.16
13	47	ABDUL GAFFAR. P.	IND	243	0.14
14	47	SUDHAKAR. S.	IND	157	0.09
15	47	KANNADASAN. L	IND	139	0.08
1	48	BALASUBRAMANI	ADMK	79182	49.16
2	48	NAZEER AHMED	MAMAK	51176	31.77
3	48	MADAR KHALEELLUR RAHMAN	SUSP	7640	4.74
4	48	VASU	DMDK	7043	4.37
5	48	VENKATESAN	BJP	5760	3.58
6	48	AMEEN BASHA	PMK	4643	2.88
7	48	None of the Above	NOTA	1632	1.01
8	48	SUNDAR.N	BSP	967	0.6
9	48	PARTHIBAN	IND	748	0.46
10	48	KALAI KAMARAJ	ntk	574	0.36
11	48	MURALIMOHAN	SHS	385	0.24
12	48	DHARUMAN	PPIS	376	0.23
13	48	GOPINATH	VBMP	375	0.23
14	48	ZAHEERU ZAMAN	IND	231	0.14
15	48	SYAMALA	RSPS	193	0.12
16	48	KRISHNAN	IND	150	0.09
1	49	VEERAMANI.K.C.	ADMK	82525	45.57
2	49	KAVITHA.C	DMK	71534	39.5
3	49	PONNUSAMY.G	PMK	17516	9.67
4	49	FAYAZ BASHA.A	DMDK	3509	1.94
5	49	None of the Above	NOTA	1483	0.82
6	49	THIRUMALAI.A	VBMP	1224	0.68
7	49	OVEYAM RANJAN.N	BJP	1021	0.56
8	49	THENMOZHI.A	ntk	868	0.48
9	49	LATHA.M	BSP	700	0.39
10	49	VEERAMANI.P	IND	236	0.13
11	49	SATHISH.C	IND	198	0.11
12	49	VEERAMANI.M.S.	IND	158	0.09
13	49	SIVAKUMAR.V.C.	IND	112	0.06
1	50	NALLATHAMBI. A	DMK	80791	45.43
2	50	KUMAR.T.T	ADMK	73144	41.13
3	50	RAJA.T.K	PMK	12227	6.88
4	50	HARIKRISHNAN.K	DMDK	3968	2.23
5	50	GOVINDARAJAN. V	BJP	1831	1.03
6	50	None of the Above	NOTA	1193	0.67
7	50	RAJA.T	IND	1051	0.59
8	50	RAJA.K	IND	789	0.44
9	50	VIJAYAN.E	ntk	691	0.39
10	50	NEELAVENI. P	BSP	574	0.32
11	50	VANKATESAN. M	KMDK	281	0.16
12	50	PALANI.M	IND	271	0.15
13	50	RAMESH.T.P	IND	230	0.13
14	50	SAMUELBAKYARAJ.A	PPIS	203	0.11
15	50	KUMAR.T	IND	166	0.09
16	50	KUMAR.N	IND	162	0.09
17	50	SAKTHI.V	VBMP	159	0.09
18	50	SANKAR. S	UCPI	112	0.06
1	51	N.MANORANJITHAM	ADMK	69980	38.75
2	51	S.MALATHY	DMK	67367	37.3
3	51	T.N.ANGUTHI	PMK	23500	13.01
4	51	C.KANIYAMUDHAN	VCK	12669	7.01
5	51	None of the Above	NOTA	1717	0.95
6	51	S A PANDU	BJP	1591	0.88
7	51	V. THEERTHAGIRI	KMDK	1266	0.7
8	51	VENKATESAN T	ntk	728	0.4
9	51	THEERTHAGIRI A	IND	578	0.32
10	51	K.BALAMUTHU	IND	547	0.3
11	51	C.HAMSA	NCP	481	0.27
12	51	THEERTHAGIRI A	RPI(A)	192	0.11
1	52	V.RAJENDRAN	ADMK	80650	42.89
2	52	GOVINDDARASAN.E.C	DMK	79668	42.36
3	52	A.KUMAR	PMK	18407	9.79
4	52	R.RAJENDRAN	TMC(M)	2948	1.57
5	52	None of the Above	NOTA	1382	0.73
6	52	R.MANIVANNAN	BJP	1273	0.68
7	52	N.ANANTHI	NCP	876	0.47
8	52	P.ESWARAN	ntk	685	0.36
9	52	SUGUMAR	IND	568	0.3
10	52	RAMESH.D	IND	450	0.24
11	52	C.ANBALAGAN	IND	395	0.21
12	52	C.GOVINDARASU	IND	252	0.13
13	52	C.S.SARDHAR	PTK	143	0.08
14	52	G.K.MUNIRAJ	UMK	128	0.07
15	52	K.THIRUVENKADAM	KMDK	118	0.06
16	52	R.THANIGAI	YSP	113	0.06
1	53	SENGUTTUVAN.T	DMK	87637	43.8
2	53	GOVINDARAJ	ADMK	82746	41.35
3	53	KUMAR.S	PMK	15736	7.86
4	53	JAYAPRAKASH.R	TMC(M)	4199	2.1
5	53	None of the Above	NOTA	1855	0.93
6	53	MANAGER	IND	1195	0.6
7	53	CHANDRAMOHAN.K.M	NCP	1151	0.58
8	53	LATHA.G	IND	1082	0.54
9	53	PONN.PARTHIBAN	ntk	986	0.49
10	53	ARUNKOWTHAM	IJK	886	0.44
11	53	VELU.K	IND	663	0.33
12	53	SIVARAJ.M.K	IND	415	0.21
13	53	PANDIAN@PANDIA PRABHU.P	IND	291	0.15
14	53	GANDHI.T.V.S	IND	258	0.13
15	53	VADIVEL	IND	198	0.1
16	53	VENKATESH.K.C	UCPI	194	0.1
17	53	MUBARAK.B	AIMIM	172	0.09
18	53	VAJRAVEL.G	KMDK	167	0.08
19	53	SANKAR.K	UMK	158	0.08
20	53	SIGAMANI.K.N	PTK	103	0.05
1	54	MURUGAN P	DMK	88952	46.01
2	54	MADHU A.V.M @ HEMNATH M	ADMK	83724	43.31
3	54	TAMIL SELVI M	PMK	5476	2.83
4	54	NAGARAJ N	DMDK	4656	2.41
5	54	PREMANATHAN V S	BJP	1966	1.02
6	54	None of the Above	NOTA	1482	0.77
7	54	ABBAS ALI S B	FDLP	1373	0.71
8	54	RAMASAMY GC	IND	893	0.46
9	54	GOVINDARAJ R	IND	704	0.36
10	54	SUJATHA K	NCP	653	0.34
11	54	ILANTHAMIZAN	ntk	588	0.3
12	54	SHANMUGAM L	IND	553	0.29
13	54	SUDHAKAR N	IND	394	0.2
14	54	SADANAPALLIYAPPA	IND	391	0.2
15	54	VADIVEL P	IND	352	0.18
16	54	VIRGINIA BERNADINE FRANCIS	IND	313	0.16
17	54	"SURYAPRAKASH, C.L."	rpsn	307	0.16
18	54	KRISHNAPPA @ KRISHNAN	KMDK	291	0.15
19	54	SANKAR K	UCPI	257	0.13
1	55	BALAKRISHNA REDDY P	ADMK	89510	41.59
2	55	GOPINATH K	INC	66546	30.92
3	55	BALAKRISHNAN  G	BJP	28850	13.4
4	55	MUNIRAJ P	PMK	10309	4.79
5	55	CHANDRAN V	DMDK	7780	3.61
6	55	None of the Above	NOTA	3445	1.6
7	55	ALEX ESTHER	ntk	3021	1.4
8	55	SHANAWASKHAN N	SDPI	1134	0.53
9	55	DEVAPPA Y	IND	741	0.34
10	55	PATTABHIRAMA C	IND	737	0.34
11	55	CHAN BASHA M	BSP	465	0.22
12	55	VELUCHAMY  R	KMDK	424	0.2
13	55	SONAPPA SM	UCPI	354	0.16
14	55	SATHYA NARAYANA MOORTHY K	IND	328	0.15
15	55	SEKAR P	GMI	293	0.14
16	55	GOPINATH K	IND	274	0.13
17	55	JAGADISWARA REDDY	IND	265	0.12
18	55	AYUB JOHN S M	IND	223	0.1
19	55	MANJUNATH V	IND	201	0.09
20	55	GOPINATH K	IND	182	0.08
21	55	BALARAJU N	IND	149	0.07
1	56	"PRAKAASH,Y."	DMK	74429	39.31
2	56	"RAMACHANDRAN,T."	CPI	68184	36.01
3	56	"NAGESH,C."	ADMK	31415	16.59
4	56	"ARUNRAJAN,D."	PMK	5253	2.77
5	56	"RAMACHANDRAN,B."	BJP	2908	1.54
6	56	None of the Above	NOTA	2450	1.29
7	56	"HARI,V."	IND	1722	0.91
8	56	"ROSELIN,R."	NCP	958	0.51
9	56	PANDU	UCPI	704	0.37
10	56	ABUBEKAR	IND	485	0.26
11	56	"TAMILSELVAN,S."	ntk	433	0.23
12	56	VINDHAI VENDHAN	IND	409	0.22
1	57	ANBALAGAN. K.P.	ADMK	76143	40.34
2	57	MURUGAN. P.K.	DMK	70160	37.17
3	57	MANNAN. K.	PMK	31612	16.75
4	57	KAVERIVARMAN. K.G.	DMDK	4915	2.6
5	57	None of the Above	NOTA	1880	1
6	57	CHANDRASEKARAN. G.	YSP	536	0.28
7	57	VENKATESAN. S.	ntk	503	0.27
8	57	NANJAPPAN. P.	IJK	463	0.25
9	57	GOVINDARAJAN. S.	IND	430	0.23
10	57	SIVAKUMAR. S.	TMK	397	0.21
11	57	PERUMAL. P.	BSP	337	0.18
12	57	KRISHNAMOORTHY. P.	IND	334	0.18
13	57	MURUGAN. K.G.	IND	325	0.17
14	57	PACHIYAPPAN. M.	IND	302	0.16
15	57	SIVAKUMAR. T.	KMDK	257	0.14
16	57	ANBALAGAN. E.	IND	173	0.09
1	58	INBASEKARAN. P.N.P.	DMK	76848	38.49
2	58	ANBUMANI RAMADOSS	PMK	58402	29.25
3	58	MUNUSAMY K.P	ADMK	51687	25.89
4	58	NANJAPPAN. N.	CPI	5624	2.82
5	58	None of the Above	NOTA	2081	1.04
6	58	MUNIAPPAN. A	IND	716	0.36
7	58	SIVAKUMAR. G	ntk	688	0.34
8	58	MURUGESAN. M	IND	688	0.34
9	58	POTHURASU. N	IND	640	0.32
10	58	DHANAPAL. G	IND	555	0.28
11	58	MALLIGA. M	BSP	473	0.24
12	58	VENKATESAN. P. C	IND	336	0.17
13	58	AGNI SRIRAMACHANDRAN	IND	300	0.15
14	58	SIVALINGAM. P	IND	222	0.11
15	58	JAIKUMAR. K	JD(S)	193	0.1
16	58	SINGARAVELU. K	IND	182	0.09
1	59	SUBRAMANI. P.	DMK	71056	34.25
2	59	ELANGOVAN. P.D.	ADMK	61380	29.58
3	59	SENTHIL. R. DR.	PMK	56727	27.34
4	59	ELANGOVAN. V. DR.	DMDK	9348	4.51
5	59	None of the Above	NOTA	2251	1.08
6	59	ARUMUGAM. M.	BJP	1606	0.77
7	59	RUKMANIDEVI. R.	ntk	1213	0.58
8	59	VIJAYASARATHI. N.DR.	IND	812	0.39
9	59	MADHAIYAN. K.	KMDK	570	0.27
10	59	SREENIVASAN.R.K.	YSP	525	0.25
11	59	MOHAN S	BSP	495	0.24
12	59	RAGUPATHI. N.	GMI	473	0.23
13	59	ILANGOVAN. V.	IND	326	0.16
14	59	RADHA.P.	NCP	297	0.14
15	59	SIVAN. K.	UCPI	258	0.12
16	59	GOVINDARAJU. S.	TMK	139	0.07
1	60	PALANIYAPPAN. P	ADMK	74234	35.56
2	60	SATHIYAMOORTHY. A	PMK	61521	29.47
3	60	PRABHU RAJASEKAR. M	DMK	56109	26.88
4	60	BASKAR . A	DMDK	9441	4.52
5	60	ASHOKAN. G	KMDK	1760	0.84
6	60	None of the Above	NOTA	1467	0.7
7	60	GOPI. K	BSP	827	0.4
8	60	RAJALINGAM. A	IND	818	0.39
9	60	RAJKUMAR. V	IND	771	0.37
10	60	MOOVENDAN. M	ntk	588	0.28
11	60	SARAVANAN. K	YSP	293	0.14
12	60	MUNIRAJ. M	IND	287	0.14
13	60	SUNDARAMOORTHY. M	IJK	270	0.13
14	60	RAGU. V	IND	204	0.1
15	60	DHANAPAL. R	SP	164	0.08
1	61	R.MURUGAN	ADMK	64568	33.96
2	61	S.RAJENDRAN	DMK	53147	27.95
3	61	K.GOVINDHASAMY	VCK	33632	17.69
4	61	S.MURALI	PMK	27747	14.59
5	61	K.SURULIRAJAN	KMDK	3500	1.84
6	61	None of the Above	NOTA	2092	1.1
7	61	P.VEDIYAPPAN	BJP	1948	1.02
8	61	A.KARTHIK	BSP	762	0.4
9	61	K.RAMESH	ntk	627	0.33
10	61	S.AGILA	IND	558	0.29
11	61	R.GOVINDAN	IND	510	0.27
12	61	K.RAJENDIRAN	IND	433	0.23
13	61	M.GOVINDASAMY	IND	317	0.17
14	61	S.KUMAR	IND	293	0.15
1	62	GIRI .M.P	DMK	95939	45.6
2	62	DINAKARAN. M	ADMK	83248	39.57
3	62	MURUGAN. C	PMK	15114	7.18
4	62	KALAIYARASI .A	DMDK	8007	3.81
5	62	None of the Above	NOTA	1403	0.67
6	62	DINAKARAN. S	IND	1255	0.6
7	62	DINAKARAN. H	IND	1151	0.55
8	62	BASKARAN. M.R	BSP	948	0.45
9	62	KARUPPAN. V	BJP	884	0.42
10	62	VENNILA.S	ntk	666	0.32
11	62	MURUGAN. R	IND	425	0.2
12	62	SUGUMAR. S	IND	413	0.2
13	62	PANDU. M	GMI	313	0.15
14	62	KASI. G	IND	235	0.11
15	62	ANBAZHAGAN. S	VVIP	209	0.1
16	62	KRISHNAVENI.P	SP	193	0.09
1	63	"VELU,E.V."	DMK	116484	57.15
2	63	"RAJAN,K"	ADMK	66136	32.45
3	63	"PANDIAN,L"	PMK	7916	3.88
4	63	"MANIKANDAN,S"	DMDK	5075	2.49
5	63	"VENKATACHALAPATHI,K"	BJP	1935	0.95
6	63	None of the Above	NOTA	1803	0.88
7	63	"KAMALAKKANNAN,J"	ntk	1686	0.83
8	63	"JAMEEL BASHA,J"	IND	507	0.25
9	63	"RAJAN,K"	IND	362	0.18
10	63	"SUGUNA PANDIAN,A.R."	IND	303	0.15
11	63	"SIVAPRAKASH,K"	BSP	268	0.13
12	63	"LAKSHMANADOSS,K"	IND	181	0.09
13	63	"KOTHANDAPANI,B"	IND	173	0.08
14	63	"RAJARAM,G"	GokMK	155	0.08
15	63	"SANTHI,E"	IND	151	0.07
16	63	"SELVAM,K"	IND	127	0.06
17	63	"JAYAKANTHAN,K"	GMI	127	0.06
18	63	"SINUVASAN,R"	IND	94	0.05
19	63	"SAKTHIVEL,P"	IND	90	0.04
20	63	"VENKATESAN,A"	SP	89	0.04
21	63	"MUNIYAMMAL,J"	IND	87	0.04
22	63	"GANESHKUMAR,M"	IND	76	0.04
1	64	PITCHANDI K	DMK	99070	50.22
2	64	SELVAMANI K	ADMK	64404	32.64
3	64	EDIROLIMANIAN G	PMK	20737	10.51
4	64	JOTHI K	CPI	4613	2.34
5	64	DEVENDIRAN S	BSP	1273	0.65
6	64	SUBBARAYAN M	BJP	1209	0.61
7	64	None of the Above	NOTA	1164	0.59
8	64	RAJANGAM M	IND	798	0.4
9	64	RAMESHBABU R	ntk	776	0.39
10	64	PADAVETTAN M	IND	587	0.3
11	64	DURAIRAJ A	IND	460	0.23
12	64	SAMIKKANNU P	IND	424	0.21
13	64	MURUGAN M	IND	410	0.21
14	64	SAMPATHRAJ M	IND	298	0.15
15	64	ELUMALAI A R	IND	286	0.14
16	64	SUGUNA PANDIAN A R	IND	252	0.13
17	64	KANAGAVALLI A	GokMK	233	0.12
18	64	SASIKUMAR S	IND	167	0.08
19	64	SAMPATH P	SP	126	0.06
1	65	PANNEERSELVAM V	ADMK	84394	45.41
2	65	KUMAR G	INC	57980	31.2
3	65	KALIDASS R	PMK	23825	12.82
4	65	NEHRU M	DMDK	9932	5.34
5	65	None of the Above	NOTA	1510	0.81
6	65	RAJAPRABU P	IND	1387	0.75
7	65	RAJKUMAR E	IND	1047	0.56
8	65	PANNEERSELVAM V	IND	840	0.45
9	65	BALAJI .E	ntk	776	0.42
10	65	MURUGAN M	IND	730	0.39
11	65	SAKTHIVEL S	BSP	723	0.39
12	65	MURUGADASS K	IJK	520	0.28
13	65	PANNEERSELVAM V	IND	487	0.26
14	65	GUNASEKARAN M	IND	345	0.19
15	65	PANNEERSELVAM B	IND	336	0.18
16	65	KUMAR S	IND	283	0.15
17	65	PRADEESHKUMAR R	SP	271	0.15
18	65	PALANI N	IND	242	0.13
19	65	LAKSHMANAN K	IND	231	0.12
1	66	SEKARAN.K.V	DMK	66588	34.02
2	66	MURUGAN.M	ADMK	58315	29.8
3	66	ELUMALAI.C	IND	38861	19.86
4	66	VELAYUTHAM.A	PMK	17184	8.78
5	66	SELVAN.P	CPM	5000	2.55
6	66	DHASHANAMOORTHY.A	IND	1858	0.95
7	66	TAMILARASI.D	BJP	1232	0.63
8	66	None of the Above	NOTA	1230	0.63
9	66	VELAUTHAM.M	IND	847	0.43
10	66	KANDAN.P	ntk	624	0.32
11	66	DURAIRAJ.M	IND	612	0.31
12	66	ELUMALAI.A	IND	581	0.3
13	66	RAMACHANDIRAN.M	GokMK	573	0.29
14	66	DEVADASS.M	BSP	571	0.29
15	66	ELUMALAI.C	IND	490	0.25
16	66	VIJAYAKUMAR.B	RPI	424	0.22
17	66	MURUGAN.M	IND	289	0.15
18	66	VIJAYAN.D	VVIP	235	0.12
19	66	SUGUNA.A	SP	200	0.1
1	67	"RAMACHANDRAN, S"	ADMK	94074	44.89
2	67	"BABU, S"	DMK	86747	41.4
3	67	"RAJASEKAR, S"	PMK	12877	6.15
4	67	"BABU MURUGAVEL, R.M"	DMDK	7025	3.35
5	67	None of the Above	NOTA	1749	0.83
6	67	"GOPI, P"	BJP	1304	0.62
7	67	"MOHANRAJ, J"	ntk	872	0.42
8	67	"RAMACHANDRAN, S"	IND	704	0.34
9	67	"SEKAR, K"	GokMK	607	0.29
10	67	"VENKATESAN, S"	IND	539	0.26
11	67	"SUMATHI, S"	IND	453	0.22
12	67	"GANESAN, A"	BSP	413	0.2
13	67	"PALANI, P"	IND	373	0.18
14	67	"SAKTHIVEL , S"	IND	354	0.17
15	67	"ASHOKKUMAR, A"	IND	272	0.13
16	67	"BABU, S"	IND	180	0.09
17	67	"RAMACHANDRAN, V"	IND	163	0.08
18	67	"SASI, P"	IND	159	0.08
19	67	"EKAMBARAM, V"	IND	151	0.07
20	67	"JANAKIRAMAN, M"	SP	147	0.07
21	67	"JAYACHANDRAN, S"	IND	145	0.07
22	67	"MANI, D"	SaSP	127	0.06
23	67	"VELU, P"	VVIP	110	0.05
1	68	MOHAN K	ADMK	77766	37.78
2	68	DR. VISHNUPRASAD M K	INC	69239	33.64
3	68	SRINIVASAN G	PMK	37491	18.22
4	68	SARVANAN P	DMDK	10855	5.27
5	68	BHASKARAN.B	BJP	2388	1.16
6	68	None of the Above	NOTA	2248	1.09
7	68	MOHAN K	IND	1300	0.63
8	68	VELAYUTHAM T	IND	1080	0.52
9	68	RAJESH S	ntk	974	0.47
10	68	MOHAN A	IND	532	0.26
11	68	AMUTHA P	IND	491	0.24
12	68	SRIDHAR S	IND	443	0.22
13	68	SOUNDARAPANDIYAN S	IND	295	0.14
14	68	RAVI G	SP	287	0.14
15	68	MATHI K	IND	282	0.14
16	68	PREMKUMAR P	IND	142	0.07
1	69	"AMBETHKUMAR, S"	DMK	80206	44.2
2	69	"MEGANATHAN, V"	ADMK	62138	34.24
3	69	VADIVELRAVANAN	PMK	24277	13.38
4	69	"METHARAMESH, M.K"	VCK	7745	4.27
5	69	None of the Above	NOTA	2421	1.33
6	69	"SUDHA, J"	IJK	1079	0.59
7	69	"PONNAN, T"	BSP	862	0.47
8	69	"RAVI, C"	IND	743	0.41
9	69	"NEELAKANDAN, C"	ntk	685	0.38
10	69	"MEGANATHAN, M"	IND	607	0.33
11	69	"JAGAN, S"	IND	319	0.18
12	69	"PARTHASARATHI, J"	IND	214	0.12
13	69	"RAMAMOORTHI, M"	SP	180	0.1
1	70	MASTHAN K S	DMK	88440	43.99
2	70	GOVINDASAMY A	ADMK	66383	33.02
3	70	GANESH KUMAR A	PMK	28515	14.18
4	70	MANI A K	MDMK	10672	5.31
5	70	None of the Above	NOTA	2326	1.16
6	70	RAJENDIRAN M S	BJP	1443	0.72
7	70	LOGANATHAN K	IND	1151	0.57
8	70	DHANASEKAR R	ntk	581	0.29
9	70	MASTHAN B	IND	567	0.28
10	70	GANESAN P	IND	291	0.14
11	70	POYYATHAPPAN K	IND	198	0.1
12	70	SENJE RAJA KNK	IND	126	0.06
13	70	GOPI S	IND	124	0.06
14	70	DEVANATHAN R	VVIP	117	0.06
15	70	GOVINDAN A	IND	90	0.04
1	71	MASILAMANI R	DMK	70880	41.4
2	71	ANNADURAI K	ADMK	58574	34.21
3	71	RAJASHEKARAN VR	PMK	25711	15.02
4	71	BALAJI SS	VCK	10866	6.35
5	71	None of the Above	NOTA	1722	1.01
6	71	RAJASEKAR J	IND	753	0.44
7	71	VIDJEALATCHOUMY S	ntk	672	0.39
8	71	STEPHANRAJ S	BSP	583	0.34
9	71	GNANASEKAR E	IND	445	0.26
10	71	SUNDARAMURTHY C	IND	385	0.22
11	71	RAMADEVI R	IJK	315	0.18
12	71	ARUL N	IND	210	0.12
13	71	ELAIYARAJA P	IND	95	0.06
1	72	SEETHAPATHY P	DMK	61879	35.33
2	72	RAJENDRAN S P	ADMK	61778	35.27
3	72	KALIDOSS A	PMK	29848	17.04
4	72	UDHAYAKUMAR M	DMDK	14928	8.52
5	72	None of the Above	NOTA	2112	1.21
6	72	POOVAZHAGI B	BJP	1509	0.86
7	72	BHUVANESHWARI G	ntk	908	0.52
8	72	VISWANATHAN S A	AIPMK	716	0.41
9	72	KARTHICK R	IND	489	0.28
10	72	GOVINDASAMY A	BSP	396	0.23
11	72	MEERA K	IND	392	0.22
12	72	CHANDRASEKARAN M	IND	195	0.11
1	73	CHAKRAPANI M	ADMK	64167	36.79
2	73	MYDILI R	DMK	53944	30.93
3	73	SANKAR P	PMK	27240	15.62
4	73	RAVIKUMAR D	VCK	23873	13.69
5	73	THIRUSELVAKUMAR D	BJP	1716	0.98
6	73	None of the Above	NOTA	1430	0.82
7	73	LATCHOUMY M	ntk	797	0.46
8	73	KANNABIRAN V	BSP	595	0.34
9	73	SELVAKUMARI E	IND	451	0.26
10	73	ELAMURUGAN V	IND	215	0.12
1	74	SHANMUGAM C VE	ADMK	69421	36.74
2	74	AMEER ABBAS S M	IUML	47130	24.94
3	74	PALANIVEL P	PMK	36456	19.29
4	74	VENGATESAN L	DMDK	24907	13.18
5	74	JAYAKUMAR RAMA	BJP	2188	1.16
6	74	None of the Above	NOTA	1701	0.9
7	74	SUBRAMANI K	ntk	1231	0.65
8	74	MUGAMADHU ALI JINNA M	IND	841	0.45
9	74	VENKATESAN A	IND	801	0.42
10	74	PALANIVEL P	IND	578	0.31
11	74	DINESH G	IND	461	0.24
12	74	KALIAMOORTHY G KARUNCHIRUTHAI	BSP	456	0.24
13	74	SHANMUGAM V C	IND	370	0.2
14	74	SHANMUGAM P	IND	357	0.19
15	74	SULTHAN MOIDEEN D	IND	294	0.16
16	74	JEYACHANDRAN J	GMI	265	0.14
17	74	MURUGAN K	IND	230	0.12
18	74	ANANDHBABU A	IND	215	0.11
19	74	MEENAKSHI V	IND	182	0.1
20	74	RAMAKRISHNAN R	SP	180	0.1
21	74	VENKATESH  KUMAR  K	IND	165	0.09
22	74	VICTOR A S	IND	161	0.09
23	74	SHANMUGAM K	IND	140	0.07
24	74	INIYADHAYALAN G	IND	122	0.06
25	74	SHANMUGAM A	IND	112	0.06
1	75	RATHAMANI.K	DMK	63757	35.69
2	75	VELU R	ADMK	56845	31.82
3	75	ANBUMANI. C	PMK	41428	23.19
4	75	RAMAMURTHY R	CPM	9981	5.59
5	75	None of the Above	NOTA	1385	0.78
6	75	AADHAVAN. S	BJP	1291	0.72
7	75	MUTHUKUMARASAMY. S	IND	699	0.39
8	75	SARAVANAKUMAR. S	ntk	594	0.33
9	75	VELU. K	IND	522	0.29
10	75	MURUGADOSS A	BSP	467	0.26
11	75	NAVANEETHAM. R	IND	396	0.22
12	75	THANGARASU. K	IND	394	0.22
13	75	VELU. K	IND	215	0.12
14	75	MANIVANNAN. T	IND	192	0.11
15	75	RAVICHANDRAN. A	SP	157	0.09
16	75	PERUMAL. B	IND	125	0.07
17	75	KALIYAPERUMAL. G	IND	119	0.07
18	75	ATCHUTHAN S	IND	70	0.04
1	76	PONMUDY K	DMK	93837	49.8
2	76	GOTHANDARAMAN G	ADMK	52780	28.01
3	76	BALASAKTHI	PMK	18822	9.99
4	76	GANESH G	TMC(M)	15045	7.98
5	76	None of the Above	NOTA	2110	1.12
6	76	RAJESH	IND	1473	0.78
7	76	DHANDAPANI S	BJP	1178	0.63
8	76	RAJASEKAR D	ntk	732	0.39
9	76	VINOTH S	IND	504	0.27
10	76	PALANIVEL S	IND	461	0.24
11	76	GANESH S	IND	375	0.2
12	76	THAMILSELVI D	IND	347	0.18
13	76	SAPTHAGIRI T	IND	306	0.16
14	76	SURESH	IND	246	0.13
15	76	ARULNEHRU V	IND	222	0.12
1	77	"KUMARAGURU, R."	ADMK	81973	36.04
2	77	"VASANTHAVEL, G.R."	DMK	77809	34.21
3	77	VIJAYKANT	DMDK	34447	15.14
4	77	"BALU, K."	PMK	20233	8.89
5	77	"SARAVANAN, G.V."	IND	2657	1.17
6	77	"SHANMUGAM, P."	IND	1791	0.79
7	77	"ARUMUGAM, E"	IND	931	0.41
8	77	"VIJAYAKANTH, A."	IND	872	0.38
9	77	"CHANDRASEKARAN, N."	BSP	856	0.38
10	77	None of the Above	NOTA	829	0.36
11	77	AGNI SRIRAMACHANDRAN	IND	538	0.24
12	77	"DESINGH, S."	ntk	524	0.23
13	77	"BAKKIIYALAKSHMI, K."	IND	516	0.23
14	77	"RAJASEKARAN, K."	IND	505	0.22
15	77	"ARIGOVINDHAN, T."	IND	458	0.2
16	77	"BALU, P."	IND	363	0.16
17	77	"KUMARAGURU, D."	IND	343	0.15
18	77	"RAMALINGAM, G."	KMDK	310	0.14
19	77	"RAJENDRAN, S."	IJK	293	0.13
20	77	"ARASAN, K."	IND	280	0.12
21	77	"VENKATESAN, M."	CPI(ML)(L)	274	0.12
22	77	"VIJAYAKANTH, S."	IND	181	0.08
23	77	"PADMARAJAN, DR.K."	IND	166	0.07
24	77	"SURIYA PRAKASH, M."	VTIP	126	0.06
25	77	RAHAMATHULLAH SHARIFF	IND	107	0.05
26	77	"MANOKARAN, D."	IND	94	0.04
1	78	KARTHIKEYAN.K	DMK	92607	47.08
2	78	DHANDAPANI.K	ADMK	72104	36.66
3	78	VINCENT JAYARAJ.VJP	DMDK	14239	7.24
4	78	PANDIYAN.KP	PMK	8148	4.14
5	78	BARATH.S	IND	1710	0.87
6	78	RAPHAEL RAJ.C	IND	1090	0.55
7	78	CHANDRASEKARAN.V	IND	1022	0.52
8	78	SAKTHIVEL.S	BSP	918	0.47
9	78	None of the Above	NOTA	867	0.44
10	78	MUNIYAN.K	ntk	782	0.4
11	78	JAYARAMAN.S	IND	630	0.32
12	78	SANDHANAM.M	IND	513	0.26
13	78	KARTHIK.R	IND	494	0.25
14	78	SENTHILKUMAR.M	IJK	406	0.21
15	78	DHANDAPANI.D	IND	322	0.16
16	78	ELUMALAI.N	VVIP	239	0.12
17	78	KAMALAKANNAN.M	IND	212	0.11
18	78	RADHAKRISHNAN.C	IND	186	0.09
19	78	SHANKAR.S	YSP	119	0.06
20	78	ANBAZHAGAN.M	IND	89	0.05
1	79	UDHAYASURIYAN.T	DMK	90920	44.72
2	79	MOHAN P	ADMK	76392	37.58
3	79	SIVARAMAN S	PMK	13612	6.7
4	79	GOVINTHAN.R	DMDK	13343	6.56
5	79	RAJENDRAN S	KMDK	1189	0.58
6	79	MOORTHY M K	IND	1181	0.58
7	79	ABDUL GAFOOR.G	SDPI	1141	0.56
8	79	None of the Above	NOTA	1032	0.51
9	79	RAJAMANI V	IND	955	0.47
10	79	SANKAR S	ntk	663	0.33
11	79	MANNAN M P	BSP	572	0.28
12	79	ARUMUGAM P	IND	541	0.27
13	79	SARATHI K	IJK	315	0.15
14	79	MARIKANNU A	IND	314	0.15
15	79	DHANAM K	RPI	275	0.14
16	79	SENTHIL MURUGAN P	IND	228	0.11
17	79	JAYAPRAKASH K	IND	223	0.11
18	79	ARASU A	IND	221	0.11
19	79	OVIYAR ANANDH C	LJP	178	0.09
